mudah.my,www.mudah.my/
零美云合,www.yqdown.com/shoujiruanjian/bianjieshenghuo/453148.ht
一折包邮,www.1zw.com/
1元乐购,xiajing.jdzj.com/
1626 潮享购,www.1626.com/
唯品会,www.vip.com/
三维度,www.3weidu.com/
拼多多,www.pinduoduo.com/
九块九秒杀,www.juanpi.com/
花海仓-正点购,a.app.qq.com/o/simple.jsp?pkgname=com.purchase.vipsho
永辉生活,www.yonghui.com.cn/
拼多多商家版,mms.pinduoduo.com/
聚汇天下,a.app.qq.com/o/simple.jsp?pkgname=com.tth.juhu
美丽说HIGO,www.meilishuo.com/
他趣,app.taqu.cn/
大码美衣,shop110963652.taobao.com/
蛮便宜,www.manpianyi.com/
重庆购物狂,go.cqmmgo.com/
百洋商城,www.baiyangwang.com/
萌店,www.mengdian.com/
第一试用网,www.yong01.com/
金币联盟,www.ujinbi.com/
鼓鼓钱包,www.magicw.net/
点我达商家,www.dianwoda.com/
大润发,www.rt-mart.com.cn/
格格家,www.gegejia.com/
九机网,www.9ji.com/
Groupon,www.groupon.com/
必要,www.biyao.com/
贝店,www.beidian.com/
淘身边,bai.k.cn/
新罗网上免税店,www.shilladfs.com/
桔子分期,www.juzifenqi.com/
干股商城,www.gangumall.com/
大Q商城,www.itmop.com/downinfo/51335.htm
抢货,www.qianghaohuo.com/
订货宝,www.dhb168.com/
友宝在线,www.ubox.cn/
京东掌柜宝,zgb.m.jd.com/
潮流女装,www.moonbasa.com/
淘宝充值,taobaochongzhi.bbs.taobao.com
有赞微小店,www.youzan.com/
波罗蜜全球购,www.bolo.me/
移动门店,www.10086.cn/index/jx/index_791_791.htm
闲鱼,2.taobao.com/
山姆会员商店,www.samsclub.cn/
哆备宝,www.gzduobeibao.com/
i百联,www.bl.com/
半价美食、住宿券GOMAJI团购网,mydown.yesky.com/sjsoft/458066382.htm
IHG优悦会,www.ihg.com/rewardsclub/content/cn/zh/hom
空中导购,www.pgyer.com/EtI2
1元夺宝,1.vip.xunlei.com/index.htm
环球捕手,www.globalscanner.com/
熊猫优选,quan.lukou.com/
闲转,www.xianzhuan.cn/
ola-购物,yogaeye.net/
优品折扣,www.youpinzhekou.com/
识装,shizhuang.ifeng.com/
云联惠商家,www.yunlianhui.cn/
深山果农,www.shenshanguonong.com/
7mall,www.7mall.cn/
海滨城,www.seasidecity.com.cn/
洋葱海外仓-onion,tieba.baidu.com/f?kw=%E6%B4%8B%E8%91%B1%E6%B5%B7%E5%A4%96%E4%BB%93onionas
分期乐,www.fenqile.com/
拍拍微店,www.paipaiweidian.com/
孔夫子旧书网,www.kongfz.com/
小红书海外购物神器,www.xiaohongshu.com/
财神夺宝,www.sjlhaod.com/
每天惠,huan.meitianhui.com/
贝贝优品,www.beibei.com/
手机新商盟,www.xinshangmeng.com/
美美箱美妆,www.memebox.com/
r皮拍u,www.xiapipaimai.org/
会过vip,www.huiguo.net/
网易考拉海购,www.kaola.com/
乡村有约,www.xc0593.com/
云联美购-shop,www.yunlianmeigou.com/
秒盈易货,www.forpay.cn/
优惠购-zutuan,zutuan.cn/
中云动力商城,www.yunzhuan.net.cn/
云购全球,www.y04.cn/
东方购物,www.ocj.com.cn/
拿券儿,www.ya598.com/
中佳易购,www.90houqq.com/web3ytB/133302.htm
佰付美,www.baifm.cn/
天天拼货团,weipushop.com/
国珍在线,www.guozhen.cn/
手机思埠,www.sibu.cn/
QQ网购,baike.baidu.com/item/QQ%E7%BD%91%E8%B4%AD/496755
顺联动力,www.sbkeyws.com/
绿叶商城,www.lyilife.com/
日上会员,www.sunrisedutyfree.com/
新微商,www.wechater.cc/
亿户邻邻,www.ehuu.com/
领券,a.jd.com/
白菜价折扣,www.ibaicaijia.com/
好省,www.haoshengwang.cn/
扔好店,tttell.com/
猎趣,www.liequ.cn/
嘀哩嘀哩,www.dilidili.wang/
京东咚咚商家版,dongdong.jd.com/
妈妈100,www.mama100.com/
一刻千金,www.ykqj.com/
十色两性成人用品,www.xiazaizhijia.com/shouji/127710.htm
我连网,www.wolianw.com/
呆萝卜,www.dailuobo.com/
兼职卷皮,www.pc6.com/az/311996.htm
Wish购物,www.wish.com/
抢购助手,miao.enjoyapps.org/
云集微店,www.yunji88.com/
魏三买买商城,www.maimaicn.com/
顺丰优选,www.sfbest.com/
海济生物,www.hnhjswgc.com/
脉宝云店,www.emybao.com/
罗森点点,www.lawson.com.cn/
许鲜,www.xuxian.com/
云联惠,www.yunlianhui.cn/
1药网,www.111.com.cn/
掌合商城,www.ccoop.cn/
校呵呵,www.xiaohehe.org/
屈臣氏中国,www.watsons.com.cn/
魅力小虫,baike.baidu.com/item/%E9%AD%85%E5%8A%9B%E5%B0%8F%E8%99%AB/1992059
道和云科,www.daoheyunke.com/
会买,thm.it168.com/
铁甲二手机,www.tiebaobei.com/
团购大全,www.tuan800.com/sites/
SEPHORA,www.sephora.cn/
新梦想,www.jdxc.sh.cn/forum.php?nid=643226179
96368统一订单平台,top.chinaz.com/Html/site_96368.hntobacco.com.htm
淘宝今日特价,zshpldbz.com/
精选速购,www.jxsg.com/
白菜优惠券,huimai2.com/
今合,www.ttce.cn/
家乐福商城,www.carrefour.com.cn/
邮乐网,www.ule.com/
邦购商城,www.banggo.com/
丽芙家居,www.lifevc.com/
易通商城,eyt.cc/
品质365,www.pinzhi365.com/
活捉美人鱼,www.onlinedown.net/soft/717063.ht
优mall,www.shoppingm.cn/
1元天天抢,www.wm23.com/wiki/151117.ht
礼物说,www.liwushuo.com/
通兑全城,fir.im/6pr9
蘑菇街,www.mogujie.com/
伊的家,www.yidejia.com/
今日聚超值,best.pconline.com.cn/
丽子美妆,www.lizi.com/
海蜜,www.haimi.com/
每日优鲜,www.missfresh.cn/
零钱淘,www.kjgroup.net.cn/
卷皮,www.juanpi.com/
男衣邦,www.nanyibang.com/
辣妈商城,www.lamabang.com/
朴朴超市,www.pupumall.com/
微店网,www.weidian.com/
美容护肤秘诀,zhushou.360.cn/detail/index/soft_id/32681
亨奴商城,m.pc6.com/s/34754
天易购,www.tianyigou.com/
百度糯米商家,y2.nuomi.com/
空空狐,www.chinaz.com/start/2014/1121/374873.shtm
云集VIP,www.yunji88.com/
米家有品,home.mi.com/
环球购物,www.ghs.net/
8天在线,www.8dol.com/
D.Buy,www.dwinbuy.com/
余利购,www.fan800.net/
汇微商,www.huiweishang.com/
家乐福,www.carrefour.com.cn/
蓝光生活家,wenku.baidu.com/view/2f236f9e6137ee06eff91881.htm
家乐园速购,www.subuy.com/
漫猫,www.comicat.org/
久久爆品汇,www.yqdown.com/shoujiruanjian/bianjieshenghuo/434527.ht
网易严选,you.163.com/
1919快喝,www.1919.cn/
口碑外卖掌柜,dd.taobao.com/
一元淘,www.xtw360.com/
我的欧尚,www.auchan.com.cn/
匀加速,www.15yunmall.com/
Nubia商城,www.nubia.com/shop
东家,www.idongjia.cn/
优购商城,www.yougou.com/
网购潮,wanggouchao.lofter.com/
全球速卖通,seller.aliexpress.com/
优学派商店,www.noahedu.com/
屈臣氏莴笋,www.watsons.com.cn/
魅力惠,www.mei.com/
居居侠,www.jujuxia.cn/
便利蜂,www.bianlifeng.com/
楼小二,www.cloudsplus.com.cn/
IKEA,www.ikea.cn/cn/zh
我厨,www.wochu.cn/
一元赚,www.yiyuanzuan.com/
TPS商城,www.tps138.com/
女神派,www.msparis.com/
本来生活,www.benlai.com/
咖购,www.kagou.com/
丰趣海淘,www.fengqu.com/
6320,www.88zing.com/
爱淘金,www.520apk.com/gouwulicia/100090710.htm
Yoho!Buy有货,www.yohobuy.com/
乐天免税店,china.lottedfs.com/
好便宜,www.haopianyi.com/
垂直采,www.chuizhicai.com/
e道,www.edscw.com/
同学会,www.shiyitxh.com/
京东商城,www.jd.com/
惠家有,www.jyh.com/
11street - Online Shopping,sellerzone.11street.my/
盖得排行,www.guiderank.org/
拿趣,www.aoetech.cn/
好食期,www.haoshiqi.net/
中国信鸽信息网,www.chinaxinge.com/
花生日记,www.hsrjapp.com/
创客云商商城,www.ckc8.com/
速卖通卖家,seller.aliexpress.com/
BAZIRIM,bazirim.oztil.com/
钱宝,www.qbao.com/
M18麦网,www.m18.com/
11st客户端,NOT FOUND
飞牛e路发,www.gcwzj.com/ylciuanW/8V7Oa
我信我的未来,www.wodeweilai.com/
中储智运,www.zczy56.com/
寻秦集,www.hackhome.com/XiaZai/SoftView_92649688.htm
优衣库,www.uniqlo.cn/
一网超市,h.beta.yiwang.com/
一元云购-北京完美聚网,www.liqucn.com/pc/727280.shtm
半山小屋,www.dianping.com/shop/57987184
有券,www.ppa7.com/
超级导购,www.chaojidaogou.com/
铝信,cnal.com/
华润通,www.huaruntong.com/
万表,www.wbiao.cn/
1元云购,www.1yyg.com/
华为商城,www.vmall.com/help/index.htm
转转,www.zhuanzhuan.com/
惠下单,www.huixiadan.net/
翼启无线,yqpt1.17wuxian.net/index.php?s=/article/index/category/yiqi.htm
有赞买家版,bbs.youzan.com/port...php
聚美优品,www.jumei.com/
多点-dmall.com,www.dmall.com/
豌豆公主,www.wandougongzhu.cn/
别样,www.ssyer.com/
蜜源,myd2012.taobao.com/
派派红包,www.17paipai.cn/
爱・工惠,www.zb12351.com/
中国集邮,jiyou.11185.cn/
店加,www.365lu.cn/
买卖宝商城,pc.mmb.cn/
安家趣花,www.apass.cn/
达人店,www.drdvip.com/
安利数码港,www.amway.com.cn/
拉手商家,sp.lashou.com/
三得商城,www.turetop.com/
小米生活,app.mi.com/
微卖,app.weimai.com/
苏宁易购,www.suning.com/
淘宝女装,nvzhuang.taobao.com/
淘宝打折,www.taobao.com/
百度糯米,www.nuomi.com/
买单侠分期,www.fenqi.im/
闪电拍卖,www.gogobids.com/
Ebay,www.ebay.com/
红星美凯龙,www.chinaredstar.com/
天然工坊,www.gongfangshop.com/
美骑,www.biketo.com/
良品铺子,www.517lppz.com/
顺丰大当家,m.sfddj.com/
盛世链商,www.liqucn.com/rj/970324.shtm
中军创,www.jmrh-china.com/
药师帮,www.ysbang.cn/
Alibaba.com,www.alibaba.com/
易购返利,www.egou.com/
奇酷商城,mall.360.com/
辣品,www.lapin365.com/
大V店,www.davdian.cn/
微店买家版,www.weidian.com/
搜狗海淘,gouwu.sogou.com/
E宠商城,www.epet.com/
SNKRS,www.snkrs.com/
佳赢好未来,wap.agood.cc/
360团购导航,hao.360.cn/
京品购,app.jd.com/shantu...html
御泥坊,www.yunifang.com/
最美搜衣,app.cnmo.com/android/225556
任我花,www.renwohua.com/
拉手团购,www.lashou.com/
汉声商城,www.gold2u.com/
小红唇,www.xiaohongchun.com/
酷卡优惠,NOT FOUND
百e云创,www.baixing.com/wangzhanjianshe/j2_5R5omyo000oaZneS6keWImwO0O0OO0O0O
金立购物大厅,gou.gionee.com/
一亩田找货,baike.baidu.com/item/%E4%B8%80%E4%BA%A9%E7%94%B0%E6%89%BE%E8%B4%A7/1895605
Tommy Hilfiger官方商城,www.tommy.com.cn/
超级买手,shop34378874.taobao.com/
窝窝营销,emaidan.55tuan.com/
好搭虚拟试衣,weibo.com/u/631781117
奋斗猫,www.fendoumao.cn/
59store,www.59store.com/
喵喵折,www.miaomiaozhe.com/
麦点商城,business.51myd.com/
全民夺宝,www.eiiii.com/
二手手机找靓机,www.zhaoliangji.com/
国珍优选,www.718shop.com/
义乌购,www.yiwugou.com/
云汇聚英,vip.yunhuijuying.com/
XY夺宝,www.liqucn.com/rj/638596.shtm
联享家,lxjapp.com/
美图美妆,NOT FOUND
阿里零售通,lst.1688.com/
易果生鲜,www.yiguo.com/
生日管家,www.shengri.cn/
互联网家,www.goujiawang.com/
卖客疯,NOT FOUND
易迅网,www.yixun.com/
小伶玩具,www.360kan.com/ct/PUTkb57kLozzDj.htm
TST庭秘密,www.mytst888.com/
掌上1号店,www.yhd.com/
妈妈100商家中心,www.mama100.com/
楚楚街-虚拟试衣,www.chuchujie.com/
给惠网,www.geihui.com/
食行生鲜,www.34580.com/
点刷,www.jsjifu.com/
花粉儿,www.huafer.cc/
万师傅接单易,www.wanshifu.com/
零购官网,www.meipian.cn/38lngd7
莲花GO,www.cplotus.com/
D2C,www.d2cmall.com/
交易猫,www.jiaoyimao.com/
Lazada,www.lazada.com.my/
惠花,www.5dhj.com/
公众创益,www.mrgzcy.com/
益联益家,NOT FOUND
秘券,mequan.net/
掌柜工作台,bbs.mumayi.net/mobile/?parm=k_%E6%8E%8C%E6%9F%9C%E5%B7%A5%E4%BD%9C%E5%8F%B
口袋购物,www.koudai.com/
花海仓,www.huahaicang.cn/
易订货,www.dinghuo123.com/
酒快到,www.jiukuaidao.com/
露天拍u,ruten.com.tw/
格力商城,mall.gree.com/
达令全球好货,www.daling.com/
爱回收,www.aihuishou.com/
醒购,www.xgbuy.cc/
跨宇,www.kbc86.com/
梦芭莎,www.moonbasa.com/
华博向大大,xmxiangdada.cn.china.cn/
海拍客,www.hipac.cn/
全民免费,www.allfree.cc/
团购,www.nuomi.com/
飞牛网,www.feiniu.com/
和陇原,www.liqucn.com/rj/944139.shtm
岭南优品-购物优惠,shop141706909.taobao.com/
韩国eBay,www.auction.co.kr/
快美妆,www.kuaimeizhuang.com/
花卷,www.huajuanmall.com/
莫莉幻想,www.aeonfantasy.com/
返利网9块9,9.fanli.com/
楚楚推,www.vlggfw.com/
给你花极速版,www.geinihua.com/
唐人街商城,www.trjsc.com/
乐蜂网,www.lefeng.com/
邮乐小店,www.ule.com/
快方送药,www.liqucn.com/rj/667324.shtm
天猫,www.tmall.com/
3658商城,www.3658mall.com/
星链生活,www.380star.com/
宝妹商城,www.baomei.me/
麦包包,www.mbaobao.com/
鲜丰水果,www.xianfengsg.com/
蜜色,misezbapp.lofter.com/
CNCBK商城,www.hackhome.com/XiaZai/SoftView_59484172.htm
行聊,www.ixingliao.com/
Yahoo超级商城,tw.mall.yahoo.com/
她他精选,tatagou.cc/
青团,www.youngt.com/
美菜商城,www.meicai.cn/
银泰,www.yintai.com/
碧斯诺兰,shop36001236.taobao.com/
楚楚街,www.chuchujie.com/
火球买手,www.huoqiuapp.com/
采源宝,www.1688.com/topic/caiyuanbao.htm
门店快拣,www.pc6.com/az/469141.htm
兴隆大院,www.xinglongstore.com/
淘宝网,www.taobao.com/
大悦城,www.shjoycity.com/
1折网,www.1zw.com/
蜜芽,www.mia.com/
中粮我买网,www.womai.com/
国美,www.gome.com.cn/
吉祥美,jixiangmei-info.com/
销巴生活,www.shall-buy.com/
微性,www.wxgqsc.com/
易物网,www.ewu.cc/
挖划算,www.wahuasuan.com/
趣网情趣商城,www.qu.cn/
我信-我的未来,www.wodeweilai.com/
65daigou - taobao agent,www.65daigou.com.my/
窝窝折,www.wowozhe.com/
钱方好近商户,www.qfpay.com/
美团开店宝-美团商家,e.meituan.com/
全球时刻,www.51buyin.com/
康爱多掌上药店,www.360kad.com/
店POS,xhypos.taobao.com/
京东夺宝,dbd.jd.com/
爱淘宝,ai.taobao.com/
全球蛙生鲜,www.quanqiuwa.com/
董事惠商城,www.dshui.cc/pc/html/index.htm
可得眼镜,www.keede.com/
万店通联,weibo.com/ttarticle/p/show?id=231350100001416816691692010
尚品网,www.shangpin.com/
微店-温州易米,baike.baidu.com/item/%E5%BE%AE%E5%BA%97/1387393
天天特价,tejia.taobao.com/
惠配通,www.pc6.com/iphone/249344.htm
中捷代购,www.zhongjie51.com/
一米鲜,1mxian.com/
衣联网,www.eelly.com/
省钱快报,www.dealmoon.com/
趣专享,www.liqucn.com/rj/968573.shtm
有赞商家版,www.youzan.com/
360商城,i360mall.com/
Yahoo拍卖 - 免费刊登，安心购物！,wap.25pp.com/android/detail_6656111
微薄利,www.vboly.com/
美丽说,www.meilishuo.com/
美团,www.meituan.com/
淘宝热卖,ai.taobao.com/
中国婚博会,www.jiehun.com.cn/
批来批往,www.pilaipiwang.com/
买买提乐购,www.maimaiti.cn/
手机惠农,www.cnhnb.com/
快乐购,www.happigo.com/
百度团购,tuan.baidu.com/
喜购,www.xigou100.com/
贝贝-母婴特卖,www.beibei.com/support/help/faq.htm
怡康到家,www.yaoking.cn/
超级淘,NOT FOUND
点评团购,tgapp.dianping.com/
茅台云商,www.cmaotai.com/
嗨付,www.haiercash.com/
亚马逊购物,www.amazon.cn/
寺库奢侈品,www.secoo.com/
三只松鼠海购,www.onlinedown.net/soft/432780.ht
孩子王,www.haiziwang.com/
天天网,www.ttpaihang.com/
爱趣,www.aiqucr.com/
小移云店,www.pc6.com/az/290708.htm
建行善融商城,buy.ccb.com/
玫琳凯之窗,www.marykayintouch.com.cn
微店,www.weidian.com/
夺宝吧,tieba.baidu.com/p/480507626
麦乐购,www.m6go.com/
优品惠,www.ugoshop.com/
51返呗,www.91ala.com/
桔色,www.x.com.cn/
返钱宝宝,www.fanqianbb.com/
衣蝠,www.yssjsz.com/
手机淘宝,www.taobao.com/
春水堂,www.chunshuitang.com/
洋码头,www.ymatou.com/
融E购,mall.icbc.com.cn/
男衣库,www.lagou.com/gongsi/128555.htm
粉丝福利购-fensigou,www.fensifuligou.net/
淘世界,www.uutsj.com/
挑一挑,www.tiaohuo.com/
好乐买,www.okbuy.com/
小蜜,www.4846.com/
贰货,www.baiwanzhan.com/site/t158841
来伊份,www.laiyifen.com/
顺逛,sg.ehaier.com/
凡客,www.vancl.com/
网易1元购,www.kafan.cn/zt/8jv4k2563r.htm
欧瑞莲易莲网,cn.oriflame.com/
虹领巾,www.tianhong.cn/app_off_download.htm
乐视商城,www.lemall.com/
乐友,www.leyou.com.cn/
友店商户版,www.51youdian.com/
赚钱闲鱼,2.taobao.com/
百度VIP,vip.baidu.com/
当当网,www.dangdang.com/
悦花越有,www.yuehuayueyou.com/
ZARA,www.zara.cn/cn/
新蛋商城,www.newegg.cn/
收吧,www.shoubashouba.com/
几折,www.jizei123.com/
小米商城,NOT FOUND
小熊有好货,www.pc6.com/az/521084.htm
消费者联盟,www.xfz178.com/
天天果园,www.fruitday.com/
阳光智园,www.ygzykj.com/home/yangguang.d
酒仙网,www.jiuxian.com/
半糖,www.ibantang.com/
阿里巴巴,www.1688.com/
lativ诚衣,www.lativ.com/
YAHOO香港团购,hk.deals.yahoo.com/
闪电降价,www.shandjj.com/
同城商城,hkjum177263.51sole.com/
橘子国际,www.juziguoji.net/
Qoo10 Singapore,www.qoo10.sg/
飞飞商城,fanxian.egou.com/6124248/
天狗网,www.51tiangou.com/
